{
  "anova": {
    "Source": {
      "0": "responsibility",
      "1": "outcome",
      "2": "responsibility * outcome",
      "3": "Residual"
    },
    "SS": {
      "0": 12.640499999999829,
      "1": 44057.88450000001,
      "2": 71.06449999999313,
      "3": 5249.297999999999
    },
    "DF": {
      "0": 1,
      "1": 1,
      "2": 1,
      "3": 1996
    },
    "MS": {
      "0": 12.640499999999829,
      "1": 44057.88450000001,
      "2": 71.06449999999313,
      "3": 2.62990881763527
    },
    "F": {
      "0": 4.806440404031103,
      "1": 16752.628153707417,
      "2": 27.02165927710454,
      "3": NaN
    },
    "p-unc": {
      "0": 0.02846865105778294,
      "1": 0.0,
      "2": 2.2174013416049375e-07,
      "3": NaN
    },
    "np2": {
      "0": 0.0024022515656539566,
      "1": 0.8935388774241967,
      "2": 0.013357078582520127,
      "3": NaN
    }
  },
  "pairwise": {
    "Comparison": {
      "0": "high_positive vs high_negative",
      "1": "high_positive vs low_positive",
      "2": "high_positive vs low_negative",
      "3": "high_negative vs low_positive",
      "4": "high_negative vs low_negative",
      "5": "low_positive vs low_negative"
    },
    "t-statistic": {
      "0": 96.55682173885295,
      "1": 1.6647349098082085,
      "2": 87.97129705715795,
      "3": -95.29000455195083,
      "4": -8.59289795707398,
      "5": 86.64402328219808
    },
    "p-value": {
      "0": 0.0,
      "1": 0.09627953847321415,
      "2": 0.0,
      "3": 0.0,
      "4": 3.2301462061451895e-17,
      "5": 0.0
    },
    "p-bonferroni": {
      "0": 0.0,
      "1": 0.5776772308392849,
      "2": 0.0,
      "3": 0.0,
      "4": 1.9380877236871137e-16,
      "5": 0.0
    },
    "p-holm": {
      "0": 0.0,
      "1": 0.09627953847321415,
      "2": 0.0,
      "3": 0.0,
      "4": 6.460292412290379e-17,
      "5": 0.0
    },
    "sig-bonferroni": {
      "0": true,
      "1": false,
      "2": true,
      "3": true,
      "4": true,
      "5": true
    },
    "sig-holm": {
      "0": true,
      "1": false,
      "2": true,
      "3": true,
      "4": true,
      "5": true
    },
    "Cohens-d": {
      "0": 6.106789606432703,
      "1": 0.10528708030777839,
      "2": 5.563793348397738,
      "3": -6.026669052639546,
      "4": -0.543462584915231,
      "5": 5.479849184248079
    }
  }
}